firstVar,secondVar,thirdVar,fourthVar,fifthVar,sixthVar,seventhVar,eightVar,number
119.56,12,97,10846357862.4,-61436710.567,5893714681899121,9073509.263,74141842.58,793
2666.04,532,93,11547076662.7,-109593502.7,5048376113841198,4069329.599,12057416.86,509
7452.31,755,21,11767833867.6,-100766123.02,3573540770255129,11614832.788,49047341.72,1005
8667.1,419,30,11750320864.9,-98930242.745,5220542228315754,3516937.925,90650184.09,340
7966.55,753,17,10094372594.0,-55002062.101,5343480864661961,5007439.057,58069501.16,462
1580.08,807,51,11552015422.9,-66284286.02,6763215351404163,4919169.077,83642640.44,221
3704.02,858,23,5786972787.2,-64330715.609,3584641008151002,8290719.261,57149658.71,173
4732.11,203,67,2377109786.5,-69423759.06,633348369512974229,338782.291,50865946.16,413
6070.28,654,73,4499167483.8,-95556188.245,4905358233851856,9239066.542,105409131.16,224
1467.18,637,20,4049090776.9,-23339401.61,6763162183472586523,11720313.349,75915150.22,628
1083.53,980,6,4652715690.7,-25989782.304,3579703769281696,4699823.231,42055075.94,556
9737.6,19,53,7928452005.2,-66621172.878,5610769758979695,5731929.69,79112932.8,395
7355.89,190,31,7053931404.4,-80221527.107,6333807675704806,7880213.25,79153088.46,420
6179.91,283,48,961766094.3,-7429204.8434,56022118399679337,10362754.378,51070189.04,347
5620.2,339,80,2939168321.9,-27949999.466,3581334036219842,11262690.461,30780213.63,367
5969.39,605,97,7915922399.9,-50850974.162,4903854291333029,8601855.023,55421547.72,2
6118.86,90,64,8158503615.1,-23836343.464,5002351351942838,12136899.54,96664732.36,57
4486.62,54,42,10104472869.7,-74718985.346,3530829804028699,11131969.352,68934094.88,78
8168.29,955,43,10363129080.3,-39629062.314,3538131304804956,3912159.025,48944940.95,1041
4575.78,866,63,10005948577.9,-103993.9231,201811868115384,9361766.033,84790724.6,957
5289.13,938,21,10670022065.0,-4304645.1633,3529863326171839,6965624.193,43022460.62,978
4106.29,254,68,11638820990.0,-68524643.24,3584108183511640,5968960.417,18669056.29,46
1391.69,617,39,5062915939.3,-42716140.685,3574637919428150,7323952.251,59749829.12,617
3396.62,996,40,11511539724.3,-87122734.563,3567942461856553,794114.382,67094919.0,903
4205.22,104,98,9132379028.5,-58525518.155,5602250265813826,11787166.694,109421869.87,563
4610.65,509,65,12060977818.3,-84087301.21,3570149300346284,1098438.911,7660271.38,185
3696.08,625,47,3455642067.6,-6950545.5959,5641828229283153022,4280102.59,111462988.25,474
8866.56,165,87,1173037658.2,-83142798.428,372301311459475,2741436.452,110669242.98,164
1465.53,815,66,11182870426.2,-3443976.7625,56022136163535147,10747864.78,13671633.55,147
2471.53,857,9,10031673722.7,-32005615.739,3583356856303883,6149263.304,58013644.01,1097
1004.51,997,95,6909063752.4,-73110331.967,3532075284919928,4316486.012,28423459.71,534
6338.77,890,70,11491157145.4,-60869847.848,3564324175056858,6814338.688,17268467.66,542
6808.62,225,93,11439049167.3,-85356119.837,5602253049173186,379336.511,49903918.15,472
6034.34,781,13,7283021306.6,-120813524.96,30202557136823,1837668.982,69939491.72,340
1197.1,739,19,5190673630.1,-120905300.85,3531227090753667,6937182.019,64821094.39,941
595.04,706,94,5333419894.2,-1893948.4081,201491006481574,9736246.712,69400805.36,636
8525.69,486,68,5761651959.7,-107843044.14,5018294966748905,1710862.299,107202738.5,856
5032.38,869,23,7396408810.2,-47043671.425,3549177731550636,6972856.083,94214077.5,734
458.84,585,92,3647581367.8,-94371558.152,3563981095849661,3990002.74,31419680.18,662
6006.88,956,19,9905871532.7,-94697461.708,4175002103517386,7152084.011,69849642.86,829
6176.01,417,49,4083500856.2,-49981938.23,0604129047418998205,1445236.95,61327489.62,414
2616.96,307,56,550023616.9,-83079322.953,5602226879859215,5293335.486,97052007.08,1052
1002.0,712,14,4723929479.8,-14031567.781,5641823808641079,30926.201,62583800.56,411
8495.54,440,39,6609318940.7,-87227373.631,4936453409865709220,4518173.957,30381004.62,1035
8655.17,645,44,2074470996.3,-15242109.933,5602229899993502150,2532613.187,74162289.76,738
6347.65,300,4,8265168490.0,-5330316.5652,3584430889582760,2742687.146,64050921.19,283
8486.38,763,69,11962724176.3,-13059589.02,561048875738939651,2164293.836,18241576.03,47
5415.66,868,10,2625620132.6,-89471549.476,3576770000817615,9641466.92,58913729.47,428
8686.52,244,20,5190836972.1,-30853611.467,560223772856467764,1091355.386,3089940.67,962
4994.89,915,53,9666837504.4,-81074064.896,491130957581452476,2791249.601,84819720.47,958
4440.79,212,38,5431019644.6,-46156763.752,5602233204805889,3399912.473,49550142.86,369
7897.32,967,6,1060531686.0,-19590602.853,3539985791279934,7580136.395,53552490.78,506
8012.13,832,92,266010757.6,-41443125.982,3538607460122812,3580211.421,4169067.39,718
6213.49,93,23,7983087482.7,-99901928.379,50187884617253981,3013060.384,71335278.1,239
5430.26,333,82,554697650.2,-31651301.845,5536489007938290,4073313.143,59168022.92,841
7383.53,374,13,903465733.6,-3446424.833,6761690339678348,9627476.266,18150360.38,132
6605.7,734,11,10894701740.9,-105700543.79,3544093310263621,10697763.866,15807003.87,566
2106.64,81,24,8602280027.6,-75874563.822,4508517078488014,72474.242,110775339.1,593
9872.69,579,80,4840216146.9,-86819917.021,3540926563531901,11216129.505,37006154.04,321
5776.87,958,75,5062088404.5,-20500386.147,5375798286192088,4803374.238,99072834.98,391
3642.12,710,56,8929746748.9,-121336736.73,3565032458881731,7537655.582,61997077.99,423
7182.66,668,97,2183398758.0,-122580453.1,6392608962764125,11302426.123,105022748.7,913
6336.88,228,87,10819444309.7,-73887120.798,6762811148316990,11787948.216,111495958.95,200
9890.24,770,53,1362749103.9,-102436784.14,5100145850265753,4530982.743,6502286.54,242
3993.83,892,18,10582435584.1,-91281126.786,3555103811420889,2164486.031,54323707.0,30
9234.52,754,52,9543106613.6,-56686405.965,3551115574797265,6788424.563,110987061.56,830
3801.75,787,66,11067180624.1,-7367013.9225,3578708942400056,5677568.167,86242213.41,651
6031.88,667,1,5237797616.4,-41079339.627,6333084963159685,2346171.282,53504249.53,909
958.21,815,52,3032033687.8,-30659075.7,503859425993194327,1072711.624,79266544.28,7
9899.46,213,65,4135850271.7,-24140629.766,3548042729085998,3991288.368,30711483.45,899
886.69,320,57,4954054367.8,-119114781.81,372128336723969,2086479.853,36920765.67,278
3236.83,530,77,3780045321.8,-65259553.849,633474797497560587,7212056.888,44086023.79,398
9185.06,168,66,2851809537.6,-50706537.482,5002356251207687,5393105.918,19705997.25,117
8244.29,62,49,1383788450.0,-110328975.97,3563507050788683,3874685.503,43693035.89,65
8864.99,540,1,943984583.8,-19015839.364,3528596606916892,4117316.741,69040578.13,230
4402.02,343,40,10108870794.1,-66525591.974,3551807895935240,6822918.741,102646895.32,945
8820.02,483,18,1364457816.7,-95662234.209,3536550450678918,5561481.669,20091845.52,148
7855.77,42,85,6367590230.2,-3918133.722,3577080256964502,4364512.909,45562080.41,602
5816.01,300,20,831453981.7,-55954667.795,3556721795453250,481282.902,104788856.39,181
2781.27,223,74,5536608518.5,-49967499.367,5610639827672136,9105979.262,24809880.15,524
2295.82,318,13,148828224.0,-45230082.151,5010127847667860,11809951.658,66078654.91,951
1017.34,675,31,1314600791.1,-108087955.56,3582879129368863,11545587.896,92155495.85,152
3948.71,168,66,561736293.7,-24193332.853,3567956186927283,2906930.434,23166452.14,888
6452.32,588,47,9182341778.8,-100541938.56,6380243375832196,8884594.794,80217835.51,985
7571.78,804,20,9624046193.4,-64562449.459,3553979350211173,6412619.636,110864842.07,1071
6614.1,451,79,11968847377.1,-20961569.523,4936950921738705183,8049066.447,63465605.78,685
8164.78,769,20,3284945707.6,-35350829.409,67095018271969062,1127920.811,19641401.47,507
3632.67,560,74,6836695931.3,-14303639.927,3568787372970160,9627552.34,824008.23,603
8512.04,598,27,11596254329.7,-12061293.083,3563230826391738,10124207.645,79052581.43,495
7742.73,571,70,10680406998.4,-95362836.06,201934019384608,9774771.478,9379661.16,214
4619.3,818,7,8132643919.7,-120047691.39,3571382395386233,2477813.925,86225780.66,142
4962.67,371,85,132359549.8,-57528558.166,3554896421284543,135842.231,30834500.93,692
4656.65,434,13,11841526724.6,-98371215.26,6759998113534104823,11215266.513,21125951.66,696
4688.1,985,8,532247064.9,-78609478.656,633110709730385839,10943665.876,45949811.6,686
3800.11,876,12,8786456103.7,-9045914.8264,4903949629157806747,6414653.337,72442056.03,814
3682.66,624,67,3145332516.5,-2431122.1389,3556167786318187,9406872.844,81436097.57,869
9957.37,495,25,504359365.3,-53573067.335,5602249355128857932,3220615.287,25520959.39,346
8643.37,931,93,3605691644.1,-27811045.441,3538652147695350,6949103.863,94529165.2,888
41.73,345,75,7518668912.7,709451.3761,201493876465653,4669450.03,9913018.85,219
8438.31,948,47,1152998193.5,-5594726.728,3538501282053521,913891.998,38854768.54,618
